--
-- PostgreSQL database dump
--

-- Dumped from database version 16.2
-- Dumped by pg_dump version 16.2

SET statement_timeout = 0;
SET lock_timeout = 0;
SET idle_in_transaction_session_timeout = 0;
SET client_encoding = 'UTF8';
SET standard_conforming_strings = on;
SELECT pg_catalog.set_config('search_path', '', false);
SET check_function_bodies = false;
SET xmloption = content;
SET client_min_messages = warning;
SET row_security = off;

SET default_tablespace = '';

SET default_table_access_method = heap;

--
-- Name: auth_group; Type: TABLE; Schema: public; Owner: osj
--

CREATE TABLE public.auth_group (
    id integer NOT NULL,
    name character varying(150) NOT NULL
);


ALTER TABLE public.auth_group OWNER TO osj;

--
-- Name: auth_group_id_seq; Type: SEQUENCE; Schema: public; Owner: osj
--

ALTER TABLE public.auth_group ALTER COLUMN id ADD GENERATED BY DEFAULT AS IDENTITY (
    SEQUENCE NAME public.auth_group_id_seq
    START WITH 1
    INCREMENT BY 1
    NO MINVALUE
    NO MAXVALUE
    CACHE 1
);


--
-- Name: auth_group_permissions; Type: TABLE; Schema: public; Owner: osj
--

CREATE TABLE public.auth_group_permissions (
    id bigint NOT NULL,
    group_id integer NOT NULL,
    permission_id integer NOT NULL
);


ALTER TABLE public.auth_group_permissions OWNER TO osj;

--
-- Name: auth_group_permissions_id_seq; Type: SEQUENCE; Schema: public; Owner: osj
--

ALTER TABLE public.auth_group_permissions ALTER COLUMN id ADD GENERATED BY DEFAULT AS IDENTITY (
    SEQUENCE NAME public.auth_group_permissions_id_seq
    START WITH 1
    INCREMENT BY 1
    NO MINVALUE
    NO MAXVALUE
    CACHE 1
);


--
-- Name: auth_permission; Type: TABLE; Schema: public; Owner: osj
--

CREATE TABLE public.auth_permission (
    id integer NOT NULL,
    name character varying(255) NOT NULL,
    content_type_id integer NOT NULL,
    codename character varying(100) NOT NULL
);


ALTER TABLE public.auth_permission OWNER TO osj;

--
-- Name: auth_permission_id_seq; Type: SEQUENCE; Schema: public; Owner: osj
--

ALTER TABLE public.auth_permission ALTER COLUMN id ADD GENERATED BY DEFAULT AS IDENTITY (
    SEQUENCE NAME public.auth_permission_id_seq
    START WITH 1
    INCREMENT BY 1
    NO MINVALUE
    NO MAXVALUE
    CACHE 1
);


--
-- Name: authentication_customuser; Type: TABLE; Schema: public; Owner: osj
--

CREATE TABLE public.authentication_customuser (
    id bigint NOT NULL,
    password character varying(128) NOT NULL,
    last_login timestamp with time zone,
    is_superuser boolean NOT NULL,
    username character varying(150) NOT NULL,
    first_name character varying(150) NOT NULL,
    last_name character varying(150) NOT NULL,
    email character varying(254) NOT NULL,
    is_staff boolean NOT NULL,
    is_active boolean NOT NULL,
    date_joined timestamp with time zone NOT NULL,
    mobile_number character varying(15)
);


ALTER TABLE public.authentication_customuser OWNER TO osj;

--
-- Name: authentication_customuser_groups; Type: TABLE; Schema: public; Owner: osj
--

CREATE TABLE public.authentication_customuser_groups (
    id bigint NOT NULL,
    customuser_id bigint NOT NULL,
    group_id integer NOT NULL
);


ALTER TABLE public.authentication_customuser_groups OWNER TO osj;

--
-- Name: authentication_customuser_groups_id_seq; Type: SEQUENCE; Schema: public; Owner: osj
--

ALTER TABLE public.authentication_customuser_groups ALTER COLUMN id ADD GENERATED BY DEFAULT AS IDENTITY (
    SEQUENCE NAME public.authentication_customuser_groups_id_seq
    START WITH 1
    INCREMENT BY 1
    NO MINVALUE
    NO MAXVALUE
    CACHE 1
);


--
-- Name: authentication_customuser_id_seq; Type: SEQUENCE; Schema: public; Owner: osj
--

ALTER TABLE public.authentication_customuser ALTER COLUMN id ADD GENERATED BY DEFAULT AS IDENTITY (
    SEQUENCE NAME public.authentication_customuser_id_seq
    START WITH 1
    INCREMENT BY 1
    NO MINVALUE
    NO MAXVALUE
    CACHE 1
);


--
-- Name: authentication_customuser_user_permissions; Type: TABLE; Schema: public; Owner: osj
--

CREATE TABLE public.authentication_customuser_user_permissions (
    id bigint NOT NULL,
    customuser_id bigint NOT NULL,
    permission_id integer NOT NULL
);


ALTER TABLE public.authentication_customuser_user_permissions OWNER TO osj;

--
-- Name: authentication_customuser_user_permissions_id_seq; Type: SEQUENCE; Schema: public; Owner: osj
--

ALTER TABLE public.authentication_customuser_user_permissions ALTER COLUMN id ADD GENERATED BY DEFAULT AS IDENTITY (
    SEQUENCE NAME public.authentication_customuser_user_permissions_id_seq
    START WITH 1
    INCREMENT BY 1
    NO MINVALUE
    NO MAXVALUE
    CACHE 1
);


--
-- Name: django_admin_log; Type: TABLE; Schema: public; Owner: osj
--

CREATE TABLE public.django_admin_log (
    id integer NOT NULL,
    action_time timestamp with time zone NOT NULL,
    object_id text,
    object_repr character varying(200) NOT NULL,
    action_flag smallint NOT NULL,
    change_message text NOT NULL,
    content_type_id integer,
    user_id bigint NOT NULL,
    CONSTRAINT django_admin_log_action_flag_check CHECK ((action_flag >= 0))
);


ALTER TABLE public.django_admin_log OWNER TO osj;

--
-- Name: django_admin_log_id_seq; Type: SEQUENCE; Schema: public; Owner: osj
--

ALTER TABLE public.django_admin_log ALTER COLUMN id ADD GENERATED BY DEFAULT AS IDENTITY (
    SEQUENCE NAME public.django_admin_log_id_seq
    START WITH 1
    INCREMENT BY 1
    NO MINVALUE
    NO MAXVALUE
    CACHE 1
);


--
-- Name: django_content_type; Type: TABLE; Schema: public; Owner: osj
--

CREATE TABLE public.django_content_type (
    id integer NOT NULL,
    app_label character varying(100) NOT NULL,
    model character varying(100) NOT NULL
);


ALTER TABLE public.django_content_type OWNER TO osj;

--
-- Name: django_content_type_id_seq; Type: SEQUENCE; Schema: public; Owner: osj
--

ALTER TABLE public.django_content_type ALTER COLUMN id ADD GENERATED BY DEFAULT AS IDENTITY (
    SEQUENCE NAME public.django_content_type_id_seq
    START WITH 1
    INCREMENT BY 1
    NO MINVALUE
    NO MAXVALUE
    CACHE 1
);


--
-- Name: django_migrations; Type: TABLE; Schema: public; Owner: osj
--

CREATE TABLE public.django_migrations (
    id bigint NOT NULL,
    app character varying(255) NOT NULL,
    name character varying(255) NOT NULL,
    applied timestamp with time zone NOT NULL
);


ALTER TABLE public.django_migrations OWNER TO osj;

--
-- Name: django_migrations_id_seq; Type: SEQUENCE; Schema: public; Owner: osj
--

ALTER TABLE public.django_migrations ALTER COLUMN id ADD GENERATED BY DEFAULT AS IDENTITY (
    SEQUENCE NAME public.django_migrations_id_seq
    START WITH 1
    INCREMENT BY 1
    NO MINVALUE
    NO MAXVALUE
    CACHE 1
);


--
-- Name: django_session; Type: TABLE; Schema: public; Owner: osj
--

CREATE TABLE public.django_session (
    session_key character varying(40) NOT NULL,
    session_data text NOT NULL,
    expire_date timestamp with time zone NOT NULL
);


ALTER TABLE public.django_session OWNER TO osj;

--
-- Name: management_contactus; Type: TABLE; Schema: public; Owner: osj
--

CREATE TABLE public.management_contactus (
    id bigint NOT NULL,
    name character varying(100) NOT NULL,
    mobile character varying(13) NOT NULL,
    subject character varying(256) NOT NULL,
    message text NOT NULL,
    created_at timestamp with time zone NOT NULL,
    updated_by date NOT NULL
);


ALTER TABLE public.management_contactus OWNER TO osj;

--
-- Name: management_contactus_id_seq; Type: SEQUENCE; Schema: public; Owner: osj
--

ALTER TABLE public.management_contactus ALTER COLUMN id ADD GENERATED BY DEFAULT AS IDENTITY (
    SEQUENCE NAME public.management_contactus_id_seq
    START WITH 1
    INCREMENT BY 1
    NO MINVALUE
    NO MAXVALUE
    CACHE 1
);


--
-- Name: management_dish; Type: TABLE; Schema: public; Owner: osj
--

CREATE TABLE public.management_dish (
    id bigint NOT NULL,
    name character varying(100) NOT NULL,
    price numeric(5,2) NOT NULL,
    photos character varying(100),
    description character varying(150),
    is_available boolean NOT NULL,
    created_at timestamp with time zone NOT NULL,
    updated_at timestamp with time zone NOT NULL,
    meal_category_id bigint
);


ALTER TABLE public.management_dish OWNER TO osj;

--
-- Name: management_dish_id_seq; Type: SEQUENCE; Schema: public; Owner: osj
--

ALTER TABLE public.management_dish ALTER COLUMN id ADD GENERATED BY DEFAULT AS IDENTITY (
    SEQUENCE NAME public.management_dish_id_seq
    START WITH 1
    INCREMENT BY 1
    NO MINVALUE
    NO MAXVALUE
    CACHE 1
);


--
-- Name: management_mealcategory; Type: TABLE; Schema: public; Owner: osj
--

CREATE TABLE public.management_mealcategory (
    id bigint NOT NULL,
    prefix character varying(128),
    name character varying(100) NOT NULL,
    created_at timestamp with time zone NOT NULL,
    updated_at timestamp with time zone NOT NULL,
    is_available boolean NOT NULL,
    ico_type character varying(128)
);


ALTER TABLE public.management_mealcategory OWNER TO osj;

--
-- Name: management_mealcategory_id_seq; Type: SEQUENCE; Schema: public; Owner: osj
--

ALTER TABLE public.management_mealcategory ALTER COLUMN id ADD GENERATED BY DEFAULT AS IDENTITY (
    SEQUENCE NAME public.management_mealcategory_id_seq
    START WITH 1
    INCREMENT BY 1
    NO MINVALUE
    NO MAXVALUE
    CACHE 1
);


--
-- Name: management_reservation; Type: TABLE; Schema: public; Owner: osj
--

CREATE TABLE public.management_reservation (
    id bigint NOT NULL,
    name character varying(100) NOT NULL,
    mobile character varying(15) NOT NULL,
    date_time timestamp with time zone,
    number_of_people integer NOT NULL,
    is_accepted boolean NOT NULL,
    is_complete boolean NOT NULL,
    created_at timestamp with time zone NOT NULL,
    updated_at timestamp with time zone NOT NULL,
    special_request text
);


ALTER TABLE public.management_reservation OWNER TO osj;

--
-- Name: management_reservation_id_seq; Type: SEQUENCE; Schema: public; Owner: osj
--

ALTER TABLE public.management_reservation ALTER COLUMN id ADD GENERATED BY DEFAULT AS IDENTITY (
    SEQUENCE NAME public.management_reservation_id_seq
    START WITH 1
    INCREMENT BY 1
    NO MINVALUE
    NO MAXVALUE
    CACHE 1
);


--
-- Data for Name: auth_group; Type: TABLE DATA; Schema: public; Owner: osj
--

COPY public.auth_group (id, name) FROM stdin;
\.


--
-- Data for Name: auth_group_permissions; Type: TABLE DATA; Schema: public; Owner: osj
--

COPY public.auth_group_permissions (id, group_id, permission_id) FROM stdin;
\.


--
-- Data for Name: auth_permission; Type: TABLE DATA; Schema: public; Owner: osj
--

COPY public.auth_permission (id, name, content_type_id, codename) FROM stdin;
1	Can add log entry	1	add_logentry
2	Can change log entry	1	change_logentry
3	Can delete log entry	1	delete_logentry
4	Can view log entry	1	view_logentry
5	Can add permission	2	add_permission
6	Can change permission	2	change_permission
7	Can delete permission	2	delete_permission
8	Can view permission	2	view_permission
9	Can add group	3	add_group
10	Can change group	3	change_group
11	Can delete group	3	delete_group
12	Can view group	3	view_group
13	Can add content type	4	add_contenttype
14	Can change content type	4	change_contenttype
15	Can delete content type	4	delete_contenttype
16	Can view content type	4	view_contenttype
17	Can add session	5	add_session
18	Can change session	5	change_session
19	Can delete session	5	delete_session
20	Can view session	5	view_session
21	Can add user	6	add_customuser
22	Can change user	6	change_customuser
23	Can delete user	6	delete_customuser
24	Can view user	6	view_customuser
25	Can add reservation	7	add_reservation
26	Can change reservation	7	change_reservation
27	Can delete reservation	7	delete_reservation
28	Can view reservation	7	view_reservation
29	Can add meal category	8	add_mealcategory
30	Can change meal category	8	change_mealcategory
31	Can delete meal category	8	delete_mealcategory
32	Can view meal category	8	view_mealcategory
33	Can add dish	9	add_dish
34	Can change dish	9	change_dish
35	Can delete dish	9	delete_dish
36	Can view dish	9	view_dish
37	Can add contact us	10	add_contactus
38	Can change contact us	10	change_contactus
39	Can delete contact us	10	delete_contactus
40	Can view contact us	10	view_contactus
\.


--
-- Data for Name: authentication_customuser; Type: TABLE DATA; Schema: public; Owner: osj
--

COPY public.authentication_customuser (id, password, last_login, is_superuser, username, first_name, last_name, email, is_staff, is_active, date_joined, mobile_number) FROM stdin;
2	pbkdf2_sha256$870000$TYpypPQSyI88zkDyLXAR50$Kis8p5S5uNk712kISiFiDB3hnNk3a33MDqTj8My8wdA=	\N	t	admin			admin@xyz.com	t	t	2025-01-30 19:48:03.380098+05:30	\N
1	pbkdf2_sha256$870000$Q8WXU06URsOjdYrmUqpHM5$5GGHqaJJoapOjlU/hKlZpOlVz2pN2UCKaXa3JIQ7m1g=	2025-02-01 10:33:53.422336+05:30	t	nisarg			nisarggurjar16@gmail.com	t	t	2025-01-30 19:45:08.244365+05:30	\N
\.


--
-- Data for Name: authentication_customuser_groups; Type: TABLE DATA; Schema: public; Owner: osj
--

COPY public.authentication_customuser_groups (id, customuser_id, group_id) FROM stdin;
\.


--
-- Data for Name: authentication_customuser_user_permissions; Type: TABLE DATA; Schema: public; Owner: osj
--

COPY public.authentication_customuser_user_permissions (id, customuser_id, permission_id) FROM stdin;
\.


--
-- Data for Name: django_admin_log; Type: TABLE DATA; Schema: public; Owner: osj
--

COPY public.django_admin_log (id, action_time, object_id, object_repr, action_flag, change_message, content_type_id, user_id) FROM stdin;
1	2025-02-01 10:34:25.92684+05:30	1	Rakesh - 2025-02-01 12:34:14+05:30	1	[{"added": {}}]	7	1
2	2025-02-01 10:46:29.095175+05:30	1	Rakesh - 2025-02-01 12:34:14+05:30	2	[{"changed": {"fields": ["Is accepted"]}}]	7	1
3	2025-02-01 10:51:24.240726+05:30	1	Rakesh - 2025-02-01 12:34:14+05:30	2	[{"changed": {"fields": ["Is accepted", "Is complete"]}}]	7	1
4	2025-02-01 10:52:04.06283+05:30	1	Rakesh - 2025-02-01 07:04:14+00:00	2	[{"changed": {"fields": ["Is accepted"]}}]	7	1
5	2025-02-02 22:06:33.154096+05:30	1	Breakfast	1	[{"added": {}}]	8	1
6	2025-02-02 22:06:40.994083+05:30	2	Lunch	1	[{"added": {}}]	8	1
7	2025-02-02 22:06:51.615623+05:30	3	Dinner	1	[{"added": {}}]	8	1
8	2025-02-02 23:44:55.127348+05:30	1	Upma	1	[{"added": {}}]	9	1
9	2025-02-02 23:45:53.01197+05:30	2	Poha	1	[{"added": {}}]	9	1
10	2025-02-02 23:47:33.404478+05:30	2	Poha	2	[]	9	1
11	2025-02-02 23:48:05.824722+05:30	3	Samosa	1	[{"added": {}}]	9	1
12	2025-02-02 23:48:35.714643+05:30	4	Kachori	1	[{"added": {}}]	9	1
13	2025-02-02 23:52:25.854155+05:30	1	Cornetto	2	[{"changed": {"fields": ["Name", "Description"]}}]	9	1
14	2025-02-02 23:52:53.950101+05:30	2	Frittata	2	[{"changed": {"fields": ["Name", "Price"]}}]	9	1
15	2025-02-02 23:53:22.936201+05:30	3	Bruschetta	2	[{"changed": {"fields": ["Name", "Price", "Description"]}}]	9	1
16	2025-02-02 23:53:48.520822+05:30	4	Cappuccino with Biscotti	2	[{"changed": {"fields": ["Name", "Price", "Description"]}}]	9	1
17	2025-02-02 23:54:20.062583+05:30	5	Ricotta Pancakes	1	[{"added": {}}]	9	1
18	2025-02-02 23:55:04.707192+05:30	5	Ricotta Pancakes	2	[{"changed": {"fields": ["Photos"]}}]	9	1
19	2025-02-02 23:56:05.936957+05:30	6	Panettone	1	[{"added": {}}]	9	1
20	2025-02-02 23:56:09.821293+05:30	6	Panettone	2	[]	9	1
21	2025-02-02 23:56:53.410062+05:30	7	Piadina	1	[{"added": {}}]	9	1
22	2025-02-02 23:57:24.441174+05:30	8	Tiramisu Overnight Oats	1	[{"added": {}}]	9	1
23	2025-02-03 00:00:40.430973+05:30	9	Lasagna	1	[{"added": {}}]	9	1
24	2025-02-03 00:01:00.394622+05:30	10	Risotto	1	[{"added": {}}]	9	1
25	2025-02-03 00:01:29.369685+05:30	11	Gnocchi	1	[{"added": {}}]	9	1
26	2025-02-03 00:03:06.50205+05:30	12	Spaghetti Carbonara	1	[{"added": {}}]	9	1
27	2025-02-03 00:03:31.88938+05:30	13	Margherita Pizza	1	[{"added": {}}]	9	1
28	2025-02-03 00:04:08.124905+05:30	14	Polenta	1	[{"added": {}}]	9	1
29	2025-02-03 00:04:44.507708+05:30	15	Osso Buco	1	[{"added": {}}]	9	1
30	2025-02-03 00:05:17.003815+05:30	16	Pasta Puttanesca	1	[{"added": {}}]	9	1
31	2025-02-03 00:05:53.011893+05:30	17	Tagliatelle al Ragù (Bolognese)	1	[{"added": {}}]	9	1
32	2025-02-03 00:06:23.178964+05:30	18	Saltimbocca	1	[{"added": {}}]	9	1
33	2025-02-03 00:06:35.469334+05:30	18	Saltimbocca	2	[{"changed": {"fields": ["Photos"]}}]	9	1
34	2025-02-03 00:07:01.718088+05:30	19	Ravioli	1	[{"added": {}}]	9	1
35	2025-02-03 00:07:29.791379+05:30	20	Seafood Linguine	1	[{"added": {}}]	9	1
36	2025-02-03 00:08:01.727793+05:30	21	Eggplant Parmigiana (Melanzane alla Parmigiana)	1	[{"added": {}}]	9	1
37	2025-02-03 00:08:32.333954+05:30	22	Calzone	1	[{"added": {}}]	9	1
38	2025-02-03 00:08:58.13996+05:30	23	Cacciucco (Tuscan Seafood Stew)	1	[{"added": {}}]	9	1
39	2025-02-03 00:09:23.758965+05:30	24	Stuffed Bell Peppers (Peperoni Ripieni)	1	[{"added": {}}]	9	1
40	2025-02-03 00:59:49.628544+05:30	10	Risotto	2	[{"changed": {"fields": ["Photos"]}}]	9	1
41	2025-02-03 01:09:36.26778+05:30	3	Dinner	2	[{"changed": {"fields": ["Ico type"]}}]	8	1
42	2025-02-03 01:09:44.270241+05:30	2	Lunch	2	[{"changed": {"fields": ["Ico type"]}}]	8	1
43	2025-02-03 01:09:48.394955+05:30	3	Dinner	2	[]	8	1
44	2025-02-03 01:09:56.289413+05:30	1	Breakfast	2	[{"changed": {"fields": ["Ico type"]}}]	8	1
\.


--
-- Data for Name: django_content_type; Type: TABLE DATA; Schema: public; Owner: osj
--

COPY public.django_content_type (id, app_label, model) FROM stdin;
1	admin	logentry
2	auth	permission
3	auth	group
4	contenttypes	contenttype
5	sessions	session
6	authentication	customuser
7	management	reservation
8	management	mealcategory
9	management	dish
10	management	contactus
\.


--
-- Data for Name: django_migrations; Type: TABLE DATA; Schema: public; Owner: osj
--

COPY public.django_migrations (id, app, name, applied) FROM stdin;
1	contenttypes	0001_initial	2025-01-30 19:44:10.634282+05:30
2	contenttypes	0002_remove_content_type_name	2025-01-30 19:44:10.649283+05:30
3	auth	0001_initial	2025-01-30 19:44:10.7489+05:30
4	auth	0002_alter_permission_name_max_length	2025-01-30 19:44:10.755898+05:30
5	auth	0003_alter_user_email_max_length	2025-01-30 19:44:10.763899+05:30
6	auth	0004_alter_user_username_opts	2025-01-30 19:44:10.772899+05:30
7	auth	0005_alter_user_last_login_null	2025-01-30 19:44:10.7829+05:30
8	auth	0006_require_contenttypes_0002	2025-01-30 19:44:10.784901+05:30
9	auth	0007_alter_validators_add_error_messages	2025-01-30 19:44:10.791899+05:30
10	auth	0008_alter_user_username_max_length	2025-01-30 19:44:10.8249+05:30
11	auth	0009_alter_user_last_name_max_length	2025-01-30 19:44:10.833903+05:30
12	auth	0010_alter_group_name_max_length	2025-01-30 19:44:10.843898+05:30
13	auth	0011_update_proxy_permissions	2025-01-30 19:44:10.852899+05:30
14	auth	0012_alter_user_first_name_max_length	2025-01-30 19:44:10.860898+05:30
15	authentication	0001_initial	2025-01-30 19:44:10.973899+05:30
16	admin	0001_initial	2025-01-30 19:44:11.0219+05:30
17	admin	0002_logentry_remove_auto_add	2025-01-30 19:44:11.031899+05:30
18	admin	0003_logentry_add_action_flag_choices	2025-01-30 19:44:11.042898+05:30
19	sessions	0001_initial	2025-01-30 19:44:11.072898+05:30
20	authentication	0002_alter_customuser_managers	2025-01-30 19:47:30.758422+05:30
21	management	0001_initial	2025-02-01 04:53:33.724806+05:30
22	management	0002_reservation_special_request	2025-02-01 09:54:58.90568+05:30
23	management	0003_mealcategory_dish	2025-02-02 21:54:12.161734+05:30
24	management	0004_mealcategory_is_available	2025-02-02 21:56:39.412306+05:30
25	management	0005_alter_mealcategory_img	2025-02-02 22:05:21.122886+05:30
26	management	0006_remove_mealcategory_img_mealcategory_ico_type	2025-02-03 01:07:47.184583+05:30
27	management	0007_contactus	2025-02-03 02:12:54.131957+05:30
\.


--
-- Data for Name: django_session; Type: TABLE DATA; Schema: public; Owner: osj
--

COPY public.django_session (session_key, session_data, expire_date) FROM stdin;
8n8pqytu3f1g1mybbd76950hsccm7z26	.eJxVjMsOwiAUBf-FtSFCeRSX7vsN5D5AqgaS0q6M_65NutDtmZnzEhG2tcStpyXOLC5CidPvhkCPVHfAd6i3JqnVdZlR7oo8aJdT4_S8Hu7fQYFevjVgQJVpRK8dMaMbLOZknTXemKS0085wRtIBDLkMQ0gjK5tNPpNXwOL9AQY2OMU:1te0P8:vLZSubLRm4h7l6SWvZEQtzYxnEHA32hM7iuYz7U67Tc	2025-02-15 04:56:30.974612+05:30
8eyv33ypsvdt82g1eybaa7scnjgp3jbu	.eJxVjMsOwiAUBf-FtSFCeRSX7vsN5D5AqgaS0q6M_65NutDtmZnzEhG2tcStpyXOLC5CidPvhkCPVHfAd6i3JqnVdZlR7oo8aJdT4_S8Hu7fQYFevjVgQJVpRK8dMaMbLOZknTXemKS0085wRtIBDLkMQ0gjK5tNPpNXwOL9AQY2OMU:1te5fd:rYO7nc8XNkOQAkb_Ozjb2-ztQd7VkS8xgZDyJ7-6mGc	2025-02-15 10:33:53.427356+05:30
\.


--
-- Data for Name: management_contactus; Type: TABLE DATA; Schema: public; Owner: osj
--

COPY public.management_contactus (id, name, mobile, subject, message, created_at, updated_by) FROM stdin;
4	NIsarg	9991119991	Test Subject	lorem ispum	2025-02-03 02:24:27.0175+05:30	2025-02-03
\.


--
-- Data for Name: management_dish; Type: TABLE DATA; Schema: public; Owner: osj
--

COPY public.management_dish (id, name, price, photos, description, is_available, created_at, updated_at, meal_category_id) FROM stdin;
1	Cornetto	149.00	dishes_photos/menu-1.jpg	A flaky, sweet Italian croissant filled with cream, jam, or chocolate.	t	2025-02-02 23:44:55.116793+05:30	2025-02-02 23:52:25.853188+05:30	1
2	Frittata	249.00	dishes_photos/menu-2.jpg	Poha is a light, flattened rice dish from India, cooked with onions, spices, and peanuts.	t	2025-02-02 23:45:53.01097+05:30	2025-02-02 23:52:53.949103+05:30	1
3	Bruschetta	229.00	dishes_photos/menu-3.jpg	Toasted bread topped with tomatoes, basil, olive oil, and sometimes mozzarella.	t	2025-02-02 23:48:05.822722+05:30	2025-02-02 23:53:22.935229+05:30	1
4	Cappuccino with Biscotti	249.00	dishes_photos/menu-4.jpg	Creamy espresso-based coffee paired with crunchy almond-flavored biscotti.	t	2025-02-02 23:48:35.712655+05:30	2025-02-02 23:53:48.519791+05:30	1
5	Ricotta Pancakes	319.00	dishes_photos/menu-5.jpg	Soft, fluffy pancakes made with ricotta cheese, often served with honey or berries.	t	2025-02-02 23:54:20.061582+05:30	2025-02-02 23:55:04.705226+05:30	1
6	Panettone	379.00	dishes_photos/menu-6.jpg	A sweet, fluffy bread loaf with dried fruits, popular during festive breakfasts.	t	2025-02-02 23:56:05.935947+05:30	2025-02-02 23:56:09.820291+05:30	1
7	Piadina	319.00	dishes_photos/menu-7.jpg	A thin Italian flatbread stuffed with cheese, greens, and sometimes cold cuts.	t	2025-02-02 23:56:53.409065+05:30	2025-02-02 23:56:53.409065+05:30	1
8	Tiramisu Overnight Oats	249.00	dishes_photos/menu-8.jpg	Oats layered with coffee, mascarpone, and cocoa, inspired by classic tiramisu flavors.	t	2025-02-02 23:57:24.439221+05:30	2025-02-02 23:57:24.439221+05:30	1
9	Lasagna	439.00	dishes_photos/menu-1_7lQ57jx.jpg	Layered pasta with meat or vegetables, rich tomato sauce, béchamel, and melted cheese.	t	2025-02-03 00:00:40.429979+05:30	2025-02-03 00:00:40.429979+05:30	2
11	Gnocchi	449.00	dishes_photos/menu-3_9CT6QSp.jpg	Soft, pillowy dumplings made from potatoes and flour, served with pesto or tomato sauce.	t	2025-02-03 00:01:29.367685+05:30	2025-02-03 00:01:29.367685+05:30	2
12	Spaghetti Carbonara	449.00	dishes_photos/menu-4_64oOjHH.jpg	Classic pasta with eggs, Pecorino cheese, black pepper, and cured meat like pancetta.	t	2025-02-03 00:03:06.500048+05:30	2025-02-03 00:03:06.500048+05:30	2
13	Margherita Pizza	499.00	dishes_photos/menu-5_KSLJ5ej.jpg	Thin-crust pizza topped with fresh tomatoes, mozzarella, basil, and olive oil.	t	2025-02-03 00:03:31.888382+05:30	2025-02-03 00:03:31.888382+05:30	2
14	Polenta	349.00	dishes_photos/menu-6_i2Syauh.jpg	Creamy or grilled cornmeal dish, often served with stewed vegetables or meat sauces.	t	2025-02-03 00:04:08.123899+05:30	2025-02-03 00:04:08.123899+05:30	2
15	Osso Buco	799.00	dishes_photos/menu-7_T5KRUKx.jpg	Braised veal shanks cooked in white wine, broth, and vegetables, served with gremolata.	t	2025-02-03 00:04:44.506195+05:30	2025-02-03 00:04:44.506195+05:30	2
16	Pasta Puttanesca	349.00	dishes_photos/menu-8_mnU9cDp.jpg	Spaghetti with a bold sauce of tomatoes, olives, capers, garlic, and anchovies.	t	2025-02-03 00:05:17.002804+05:30	2025-02-03 00:05:17.002804+05:30	2
17	Tagliatelle al Ragù (Bolognese)	399.00	dishes_photos/menu-1_oIN7gRA.jpg	Flat ribbon pasta served with a rich, slow-cooked meat and tomato sauce.	t	2025-02-03 00:05:53.00988+05:30	2025-02-03 00:05:53.00988+05:30	3
18	Saltimbocca	699.00	dishes_photos/menu-2_PGEWCKc.jpg	Thin veal or chicken slices wrapped with prosciutto and sage, cooked in white wine and butter.	t	2025-02-03 00:06:23.17746+05:30	2025-02-03 00:06:35.467827+05:30	3
19	Ravioli	419.00	dishes_photos/menu-3_QKnZmic.jpg	Pasta pockets stuffed with ricotta, spinach, or meat, served with creamy or tomato-based sauces.	t	2025-02-03 00:07:01.716084+05:30	2025-02-03 00:07:01.716084+05:30	3
20	Seafood Linguine	549.00	dishes_photos/menu-4_IFHOtgz.jpg	Linguine pasta tossed with shrimp, mussels, clams, garlic, and a light white wine sauce.	t	2025-02-03 00:07:29.789855+05:30	2025-02-03 00:07:29.789855+05:30	3
21	Eggplant Parmigiana (Melanzane alla Parmigiana)	399.00	dishes_photos/menu-5_ZJOqEio.jpg	Baked layers of eggplant, tomato sauce, mozzarella, and Parmesan cheese.	t	2025-02-03 00:08:01.726796+05:30	2025-02-03 00:08:01.726796+05:30	3
22	Calzone	449.00	dishes_photos/menu-6_Y57Jon5.jpg	Folded pizza filled with cheese, vegetables, and meats, baked until golden and crispy.	t	2025-02-03 00:08:32.332806+05:30	2025-02-03 00:08:32.332806+05:30	3
23	Cacciucco (Tuscan Seafood Stew)	799.00	dishes_photos/menu-7_q0Om9D5.jpg	Hearty fish and seafood stew cooked with tomatoes, garlic, and red wine.	t	2025-02-03 00:08:58.137449+05:30	2025-02-03 00:08:58.137449+05:30	3
24	Stuffed Bell Peppers (Peperoni Ripieni)	349.00	dishes_photos/menu-8_J1XaGKM.jpg	Bell peppers filled with rice, vegetables, herbs, and sometimes minced meat, baked to perfection.	t	2025-02-03 00:09:23.756966+05:30	2025-02-03 00:09:23.756966+05:30	3
10	Risotto	419.00	dishes_photos/menu-2_ho4caTb.jpg	Creamy rice dish cooked with broth, butter, Parmesan, and vegetables or seafood.	t	2025-02-03 00:01:00.393119+05:30	2025-02-03 00:59:49.627298+05:30	2
\.


--
-- Data for Name: management_mealcategory; Type: TABLE DATA; Schema: public; Owner: osj
--

COPY public.management_mealcategory (id, prefix, name, created_at, updated_at, is_available, ico_type) FROM stdin;
2	Special	Lunch	2025-02-02 22:06:40.993081+05:30	2025-02-03 01:09:44.268236+05:30	t	hamburger
3	Lovely	Dinner	2025-02-02 22:06:51.613484+05:30	2025-02-03 01:09:48.393957+05:30	t	utensils
1	Popular	Breakfast	2025-02-02 22:06:33.151094+05:30	2025-02-03 01:09:56.288409+05:30	t	coffee
\.


--
-- Data for Name: management_reservation; Type: TABLE DATA; Schema: public; Owner: osj
--

COPY public.management_reservation (id, name, mobile, date_time, number_of_people, is_accepted, is_complete, created_at, updated_at, special_request) FROM stdin;
1	Rakesh	9997779991	2025-02-01 12:34:14+05:30	4	t	t	2025-02-01 10:34:25.924237+05:30	2025-02-01 10:52:04.061833+05:30	
3	Raju	9997779991	2025-03-03 12:34:14+05:30	4	f	f	2025-02-01 11:05:20.223067+05:30	2025-02-01 11:05:20.223067+05:30	I need table in open space
4	Nisarg	asdasd	2025-02-02 16:30:00+05:30	3	f	f	2025-02-02 01:20:41.879612+05:30	2025-02-02 01:20:41.879612+05:30	wqwq
5	Nisarg	91919191923	2025-02-13 05:28:00+05:30	1	f	f	2025-02-02 01:23:21.472965+05:30	2025-02-02 01:23:21.472965+05:30	wedasdas
6	Raja	92323241	2025-05-04 12:56:00+05:30	2	f	f	2025-02-02 01:28:07.69045+05:30	2025-02-02 01:28:07.69045+05:30	
7	Mitali	422452345234	2025-05-04 12:45:00+05:30	1	f	f	2025-02-02 01:45:23.371798+05:30	2025-02-02 01:45:23.371798+05:30	Hi nerw
\.


--
-- Name: auth_group_id_seq; Type: SEQUENCE SET; Schema: public; Owner: osj
--

SELECT pg_catalog.setval('public.auth_group_id_seq', 1, false);


--
-- Name: auth_group_permissions_id_seq; Type: SEQUENCE SET; Schema: public; Owner: osj
--

SELECT pg_catalog.setval('public.auth_group_permissions_id_seq', 1, false);


--
-- Name: auth_permission_id_seq; Type: SEQUENCE SET; Schema: public; Owner: osj
--

SELECT pg_catalog.setval('public.auth_permission_id_seq', 40, true);


--
-- Name: authentication_customuser_groups_id_seq; Type: SEQUENCE SET; Schema: public; Owner: osj
--

SELECT pg_catalog.setval('public.authentication_customuser_groups_id_seq', 1, false);


--
-- Name: authentication_customuser_id_seq; Type: SEQUENCE SET; Schema: public; Owner: osj
--

SELECT pg_catalog.setval('public.authentication_customuser_id_seq', 2, true);


--
-- Name: authentication_customuser_user_permissions_id_seq; Type: SEQUENCE SET; Schema: public; Owner: osj
--

SELECT pg_catalog.setval('public.authentication_customuser_user_permissions_id_seq', 1, false);


--
-- Name: django_admin_log_id_seq; Type: SEQUENCE SET; Schema: public; Owner: osj
--

SELECT pg_catalog.setval('public.django_admin_log_id_seq', 44, true);


--
-- Name: django_content_type_id_seq; Type: SEQUENCE SET; Schema: public; Owner: osj
--

SELECT pg_catalog.setval('public.django_content_type_id_seq', 10, true);


--
-- Name: django_migrations_id_seq; Type: SEQUENCE SET; Schema: public; Owner: osj
--

SELECT pg_catalog.setval('public.django_migrations_id_seq', 27, true);


--
-- Name: management_contactus_id_seq; Type: SEQUENCE SET; Schema: public; Owner: osj
--

SELECT pg_catalog.setval('public.management_contactus_id_seq', 4, true);


--
-- Name: management_dish_id_seq; Type: SEQUENCE SET; Schema: public; Owner: osj
--

SELECT pg_catalog.setval('public.management_dish_id_seq', 24, true);


--
-- Name: management_mealcategory_id_seq; Type: SEQUENCE SET; Schema: public; Owner: osj
--

SELECT pg_catalog.setval('public.management_mealcategory_id_seq', 3, true);


--
-- Name: management_reservation_id_seq; Type: SEQUENCE SET; Schema: public; Owner: osj
--

SELECT pg_catalog.setval('public.management_reservation_id_seq', 7, true);


--
-- Name: auth_group auth_group_name_key; Type: CONSTRAINT; Schema: public; Owner: osj
--

ALTER TABLE ONLY public.auth_group
    ADD CONSTRAINT auth_group_name_key UNIQUE (name);


--
-- Name: auth_group_permissions auth_group_permissions_group_id_permission_id_0cd325b0_uniq; Type: CONSTRAINT; Schema: public; Owner: osj
--

ALTER TABLE ONLY public.auth_group_permissions
    ADD CONSTRAINT auth_group_permissions_group_id_permission_id_0cd325b0_uniq UNIQUE (group_id, permission_id);


--
-- Name: auth_group_permissions auth_group_permissions_pkey; Type: CONSTRAINT; Schema: public; Owner: osj
--

ALTER TABLE ONLY public.auth_group_permissions
    ADD CONSTRAINT auth_group_permissions_pkey PRIMARY KEY (id);


--
-- Name: auth_group auth_group_pkey; Type: CONSTRAINT; Schema: public; Owner: osj
--

ALTER TABLE ONLY public.auth_group
    ADD CONSTRAINT auth_group_pkey PRIMARY KEY (id);


--
-- Name: auth_permission auth_permission_content_type_id_codename_01ab375a_uniq; Type: CONSTRAINT; Schema: public; Owner: osj
--

ALTER TABLE ONLY public.auth_permission
    ADD CONSTRAINT auth_permission_content_type_id_codename_01ab375a_uniq UNIQUE (content_type_id, codename);


--
-- Name: auth_permission auth_permission_pkey; Type: CONSTRAINT; Schema: public; Owner: osj
--

ALTER TABLE ONLY public.auth_permission
    ADD CONSTRAINT auth_permission_pkey PRIMARY KEY (id);


--
-- Name: authentication_customuser_groups authentication_customuse_customuser_id_group_id_8a637646_uniq; Type: CONSTRAINT; Schema: public; Owner: osj
--

ALTER TABLE ONLY public.authentication_customuser_groups
    ADD CONSTRAINT authentication_customuse_customuser_id_group_id_8a637646_uniq UNIQUE (customuser_id, group_id);


--
-- Name: authentication_customuser_user_permissions authentication_customuse_customuser_id_permission_923704b1_uniq; Type: CONSTRAINT; Schema: public; Owner: osj
--

ALTER TABLE ONLY public.authentication_customuser_user_permissions
    ADD CONSTRAINT authentication_customuse_customuser_id_permission_923704b1_uniq UNIQUE (customuser_id, permission_id);


--
-- Name: authentication_customuser_groups authentication_customuser_groups_pkey; Type: CONSTRAINT; Schema: public; Owner: osj
--

ALTER TABLE ONLY public.authentication_customuser_groups
    ADD CONSTRAINT authentication_customuser_groups_pkey PRIMARY KEY (id);


--
-- Name: authentication_customuser authentication_customuser_mobile_number_key; Type: CONSTRAINT; Schema: public; Owner: osj
--

ALTER TABLE ONLY public.authentication_customuser
    ADD CONSTRAINT authentication_customuser_mobile_number_key UNIQUE (mobile_number);


--
-- Name: authentication_customuser authentication_customuser_pkey; Type: CONSTRAINT; Schema: public; Owner: osj
--

ALTER TABLE ONLY public.authentication_customuser
    ADD CONSTRAINT authentication_customuser_pkey PRIMARY KEY (id);


--
-- Name: authentication_customuser_user_permissions authentication_customuser_user_permissions_pkey; Type: CONSTRAINT; Schema: public; Owner: osj
--

ALTER TABLE ONLY public.authentication_customuser_user_permissions
    ADD CONSTRAINT authentication_customuser_user_permissions_pkey PRIMARY KEY (id);


--
-- Name: authentication_customuser authentication_customuser_username_key; Type: CONSTRAINT; Schema: public; Owner: osj
--

ALTER TABLE ONLY public.authentication_customuser
    ADD CONSTRAINT authentication_customuser_username_key UNIQUE (username);


--
-- Name: django_admin_log django_admin_log_pkey; Type: CONSTRAINT; Schema: public; Owner: osj
--

ALTER TABLE ONLY public.django_admin_log
    ADD CONSTRAINT django_admin_log_pkey PRIMARY KEY (id);


--
-- Name: django_content_type django_content_type_app_label_model_76bd3d3b_uniq; Type: CONSTRAINT; Schema: public; Owner: osj
--

ALTER TABLE ONLY public.django_content_type
    ADD CONSTRAINT django_content_type_app_label_model_76bd3d3b_uniq UNIQUE (app_label, model);


--
-- Name: django_content_type django_content_type_pkey; Type: CONSTRAINT; Schema: public; Owner: osj
--

ALTER TABLE ONLY public.django_content_type
    ADD CONSTRAINT django_content_type_pkey PRIMARY KEY (id);


--
-- Name: django_migrations django_migrations_pkey; Type: CONSTRAINT; Schema: public; Owner: osj
--

ALTER TABLE ONLY public.django_migrations
    ADD CONSTRAINT django_migrations_pkey PRIMARY KEY (id);


--
-- Name: django_session django_session_pkey; Type: CONSTRAINT; Schema: public; Owner: osj
--

ALTER TABLE ONLY public.django_session
    ADD CONSTRAINT django_session_pkey PRIMARY KEY (session_key);


--
-- Name: management_contactus management_contactus_pkey; Type: CONSTRAINT; Schema: public; Owner: osj
--

ALTER TABLE ONLY public.management_contactus
    ADD CONSTRAINT management_contactus_pkey PRIMARY KEY (id);


--
-- Name: management_dish management_dish_pkey; Type: CONSTRAINT; Schema: public; Owner: osj
--

ALTER TABLE ONLY public.management_dish
    ADD CONSTRAINT management_dish_pkey PRIMARY KEY (id);


--
-- Name: management_mealcategory management_mealcategory_pkey; Type: CONSTRAINT; Schema: public; Owner: osj
--

ALTER TABLE ONLY public.management_mealcategory
    ADD CONSTRAINT management_mealcategory_pkey PRIMARY KEY (id);


--
-- Name: management_reservation management_reservation_pkey; Type: CONSTRAINT; Schema: public; Owner: osj
--

ALTER TABLE ONLY public.management_reservation
    ADD CONSTRAINT management_reservation_pkey PRIMARY KEY (id);


--
-- Name: auth_group_name_a6ea08ec_like; Type: INDEX; Schema: public; Owner: osj
--

CREATE INDEX auth_group_name_a6ea08ec_like ON public.auth_group USING btree (name varchar_pattern_ops);


--
-- Name: auth_group_permissions_group_id_b120cbf9; Type: INDEX; Schema: public; Owner: osj
--

CREATE INDEX auth_group_permissions_group_id_b120cbf9 ON public.auth_group_permissions USING btree (group_id);


--
-- Name: auth_group_permissions_permission_id_84c5c92e; Type: INDEX; Schema: public; Owner: osj
--

CREATE INDEX auth_group_permissions_permission_id_84c5c92e ON public.auth_group_permissions USING btree (permission_id);


--
-- Name: auth_permission_content_type_id_2f476e4b; Type: INDEX; Schema: public; Owner: osj
--

CREATE INDEX auth_permission_content_type_id_2f476e4b ON public.auth_permission USING btree (content_type_id);


--
-- Name: authentication_customuser__customuser_id_33d2a5f7; Type: INDEX; Schema: public; Owner: osj
--

CREATE INDEX authentication_customuser__customuser_id_33d2a5f7 ON public.authentication_customuser_user_permissions USING btree (customuser_id);


--
-- Name: authentication_customuser__permission_id_e47332af; Type: INDEX; Schema: public; Owner: osj
--

CREATE INDEX authentication_customuser__permission_id_e47332af ON public.authentication_customuser_user_permissions USING btree (permission_id);


--
-- Name: authentication_customuser_groups_customuser_id_a7d1343c; Type: INDEX; Schema: public; Owner: osj
--

CREATE INDEX authentication_customuser_groups_customuser_id_a7d1343c ON public.authentication_customuser_groups USING btree (customuser_id);


--
-- Name: authentication_customuser_groups_group_id_c5ef1d10; Type: INDEX; Schema: public; Owner: osj
--

CREATE INDEX authentication_customuser_groups_group_id_c5ef1d10 ON public.authentication_customuser_groups USING btree (group_id);


--
-- Name: authentication_customuser_mobile_number_c2336557_like; Type: INDEX; Schema: public; Owner: osj
--

CREATE INDEX authentication_customuser_mobile_number_c2336557_like ON public.authentication_customuser USING btree (mobile_number varchar_pattern_ops);


--
-- Name: authentication_customuser_username_3dffdf84_like; Type: INDEX; Schema: public; Owner: osj
--

CREATE INDEX authentication_customuser_username_3dffdf84_like ON public.authentication_customuser USING btree (username varchar_pattern_ops);


--
-- Name: django_admin_log_content_type_id_c4bce8eb; Type: INDEX; Schema: public; Owner: osj
--

CREATE INDEX django_admin_log_content_type_id_c4bce8eb ON public.django_admin_log USING btree (content_type_id);


--
-- Name: django_admin_log_user_id_c564eba6; Type: INDEX; Schema: public; Owner: osj
--

CREATE INDEX django_admin_log_user_id_c564eba6 ON public.django_admin_log USING btree (user_id);


--
-- Name: django_session_expire_date_a5c62663; Type: INDEX; Schema: public; Owner: osj
--

CREATE INDEX django_session_expire_date_a5c62663 ON public.django_session USING btree (expire_date);


--
-- Name: django_session_session_key_c0390e0f_like; Type: INDEX; Schema: public; Owner: osj
--

CREATE INDEX django_session_session_key_c0390e0f_like ON public.django_session USING btree (session_key varchar_pattern_ops);


--
-- Name: management_dish_meal_category_id_5b0369b8; Type: INDEX; Schema: public; Owner: osj
--

CREATE INDEX management_dish_meal_category_id_5b0369b8 ON public.management_dish USING btree (meal_category_id);


--
-- Name: auth_group_permissions auth_group_permissio_permission_id_84c5c92e_fk_auth_perm; Type: FK CONSTRAINT; Schema: public; Owner: osj
--

ALTER TABLE ONLY public.auth_group_permissions
    ADD CONSTRAINT auth_group_permissio_permission_id_84c5c92e_fk_auth_perm FOREIGN KEY (permission_id) REFERENCES public.auth_permission(id) DEFERRABLE INITIALLY DEFERRED;


--
-- Name: auth_group_permissions auth_group_permissions_group_id_b120cbf9_fk_auth_group_id; Type: FK CONSTRAINT; Schema: public; Owner: osj
--

ALTER TABLE ONLY public.auth_group_permissions
    ADD CONSTRAINT auth_group_permissions_group_id_b120cbf9_fk_auth_group_id FOREIGN KEY (group_id) REFERENCES public.auth_group(id) DEFERRABLE INITIALLY DEFERRED;


--
-- Name: auth_permission auth_permission_content_type_id_2f476e4b_fk_django_co; Type: FK CONSTRAINT; Schema: public; Owner: osj
--

ALTER TABLE ONLY public.auth_permission
    ADD CONSTRAINT auth_permission_content_type_id_2f476e4b_fk_django_co FOREIGN KEY (content_type_id) REFERENCES public.django_content_type(id) DEFERRABLE INITIALLY DEFERRED;


--
-- Name: authentication_customuser_user_permissions authentication_custo_customuser_id_33d2a5f7_fk_authentic; Type: FK CONSTRAINT; Schema: public; Owner: osj
--

ALTER TABLE ONLY public.authentication_customuser_user_permissions
    ADD CONSTRAINT authentication_custo_customuser_id_33d2a5f7_fk_authentic FOREIGN KEY (customuser_id) REFERENCES public.authentication_customuser(id) DEFERRABLE INITIALLY DEFERRED;


--
-- Name: authentication_customuser_groups authentication_custo_customuser_id_a7d1343c_fk_authentic; Type: FK CONSTRAINT; Schema: public; Owner: osj
--

ALTER TABLE ONLY public.authentication_customuser_groups
    ADD CONSTRAINT authentication_custo_customuser_id_a7d1343c_fk_authentic FOREIGN KEY (customuser_id) REFERENCES public.authentication_customuser(id) DEFERRABLE INITIALLY DEFERRED;


--
-- Name: authentication_customuser_groups authentication_custo_group_id_c5ef1d10_fk_auth_grou; Type: FK CONSTRAINT; Schema: public; Owner: osj
--

ALTER TABLE ONLY public.authentication_customuser_groups
    ADD CONSTRAINT authentication_custo_group_id_c5ef1d10_fk_auth_grou FOREIGN KEY (group_id) REFERENCES public.auth_group(id) DEFERRABLE INITIALLY DEFERRED;


--
-- Name: authentication_customuser_user_permissions authentication_custo_permission_id_e47332af_fk_auth_perm; Type: FK CONSTRAINT; Schema: public; Owner: osj
--

ALTER TABLE ONLY public.authentication_customuser_user_permissions
    ADD CONSTRAINT authentication_custo_permission_id_e47332af_fk_auth_perm FOREIGN KEY (permission_id) REFERENCES public.auth_permission(id) DEFERRABLE INITIALLY DEFERRED;


--
-- Name: django_admin_log django_admin_log_content_type_id_c4bce8eb_fk_django_co; Type: FK CONSTRAINT; Schema: public; Owner: osj
--

ALTER TABLE ONLY public.django_admin_log
    ADD CONSTRAINT django_admin_log_content_type_id_c4bce8eb_fk_django_co FOREIGN KEY (content_type_id) REFERENCES public.django_content_type(id) DEFERRABLE INITIALLY DEFERRED;


--
-- Name: django_admin_log django_admin_log_user_id_c564eba6_fk_authentic; Type: FK CONSTRAINT; Schema: public; Owner: osj
--

ALTER TABLE ONLY public.django_admin_log
    ADD CONSTRAINT django_admin_log_user_id_c564eba6_fk_authentic FOREIGN KEY (user_id) REFERENCES public.authentication_customuser(id) DEFERRABLE INITIALLY DEFERRED;


--
-- Name: management_dish management_dish_meal_category_id_5b0369b8_fk_managemen; Type: FK CONSTRAINT; Schema: public; Owner: osj
--

ALTER TABLE ONLY public.management_dish
    ADD CONSTRAINT management_dish_meal_category_id_5b0369b8_fk_managemen FOREIGN KEY (meal_category_id) REFERENCES public.management_mealcategory(id) DEFERRABLE INITIALLY DEFERRED;


--
-- PostgreSQL database dump complete
--

